[
    {
      "id": 1,
      "Geschlecht": "Mann",
      "nameKunde": "Haidacher Damian",
      "createdAt": "2024-01-20",
      "datumDesAuftrags": "2025-01-01",
      "Wohnort": "Berlin",
      "Telefon": "017612345678",
      "Geburtsdatum": "1990-05-15",
      "EMail": "max@mustermann.de",
      "Geschäftstandort": "Hamburg",
      "Mitarbeiter": "Max Mustermann",
      "FertigstellungBis": "2025-01-10",
      "Versorgung": "In Bearbeitung",
      "Bezahlt": "Ja",
      "PreisZubezahlen": "1000",
      "scanTime": "2025-01-01 10:00:00",
      "Fusslänge": "287.6",
      "Fusslänge2": "289.7",
      "Fussbreite": "108.9",
      "Fussbreite2": "108.7", 
      "Kugelumfang": "254.9",
      "Kugelumfang2": "256.8",
      "Rist": "140.5",
      "Rist2": "150.6",
      "Zehentyp": "Ägyptisch",
      "Zehentyp2": "Griechisch"
    },
    {
      "id": 2,
      "Geschlecht": "Mann",
      "nameKunde": "Verkaufspreis",
      "createdAt": "2024-01-20",
      "Geburtsdatum": "2004-05-20",
      "datumDesAuftrags": "2025-01-05",
      "Wohnort": "München",
      "Telefon": "017723456789",
      "EMail": "anna.schmidt@example.com",
      "Geschäftstandort": "Berlin",
      "Mitarbeiter": "Anna Schmidt",
      "FertigstellungBis": "2025-01-15",
      "Versorgung": "Erledigt",
      "Bezahlt": "Nein",
      "PreisZubezahlen": "1200",
      "scanTime": "2025-01-05 11:30:00",
      "Fusslänge": "275.3",
      "Fusslänge2": "277.5",
      "Fussbreite": "105.2",
      "Fussbreite2": "104.9",
      "Kugelumfang": "250.0",
      "Kugelumfang2": "251.8",
      "Rist": "135.0",
      "Rist2": "139.5",
      "Zehentyp": "Römisch",
      "Zehentyp2": "Ägyptisch"
    },
    {
      "id": 3,
      "Geschlecht": "Frau",
      "nameKunde": "Gewinn",
      "createdAt": "2023-01-20",
      "Geburtsdatum": "2003-05-25",
      "datumDesAuftrags": "2025-01-08",
      "Wohnort": "Stuttgart",
      "Telefon": "017898765432",
      "EMail": "lisa@meier.de",
      "Geschäftstandort": "Frankfurt",
      "Mitarbeiter": "Lisa Meier",
      "FertigstellungBis": "2025-01-20",
      "Versorgung": "Versendet",
      "Bezahlt": "Ja",
      "PreisZubezahlen": "900",
      "scanTime": "2025-01-08 09:45:00",
      "Fusslänge": "265.0",
      "Fusslänge2": "267.2",
      "Fussbreite": "100.5",
      "Fussbreite2": "100.2",
      "Kugelumfang": "240.3",
      "Kugelumfang2": "242.0",
      "Rist": "130.1",
      "Rist2": "132.6",
      "Zehentyp": "Griechisch",
      "Zehentyp2": "Griechisch"
    },
    {
      "id": 4,
      "Geschlecht": "Mann",
      "nameKunde": "Sonderpreis",
      "createdAt": "2023-01-20",
      "Geburtsdatum": "2002-05-15",
      "datumDesAuftrags": "2025-01-10",
      "Wohnort": "Köln",
      "Telefon": "01795555555",
      "EMail": "paul.bauer@test.de",
      "Geschäftstandort": "Köln",
      "Mitarbeiter": "Paul Bauer",
      "FertigstellungBis": "2025-01-18",
      "Versorgung": "Offen",
      "Bezahlt": "Nein",
      "PreisZubezahlen": "1100",
      "scanTime": "2025-01-10 13:15:00",
      "Fusslänge": "280.0",
      "Fusslänge2": "282.3",
      "Fussbreite": "102.0",
      "Fussbreite2": "102.1",
      "Kugelumfang": "246.8",
      "Kugelumfang2": "248.5",
      "Rist": "137.0",
      "Rist2": "139.0",
      "Zehentyp": "Ägyptisch",
      "Zehentyp2": "Römisch"
    },
    {
      "id": 5,
      "Geschlecht": "Mann",
      "nameKunde": "Rabattkunde",
      "createdAt": "2023-01-20",
      "Geburtsdatum": "2001-05-30",
      "datumDesAuftrags": "2025-01-12",
      "Wohnort": "Dresden",
      "Telefon": "01606666666",
      "EMail": "sabine.klein@web.de",
      "Geschäftstandort": "Leipzig",
      "Mitarbeiter": "Sabine Klein",
      "FertigstellungBis": "2025-01-22",
      "Versorgung": "Fertig",
      "Bezahlt": "Ja",
      "PreisZubezahlen": "950",
      "scanTime": "2025-01-12 16:00:00",
      "Fusslänge": "270.4",
      "Fusslänge2": "271.9",
      "Fussbreite": "107.0",
      "Fussbreite2": "106.5",
      "Kugelumfang": "249.1",
      "Kugelumfang2": "250.2",
      "Rist": "133.2",
      "Rist2": "134.4",
      "Zehentyp": "Griechisch",
      "Zehentyp2": "Römisch"
    },
    {
      "id": 6,
      "Geschlecht": "Mann",
      "nameKunde": "Neukunde",
      "createdAt": "2023-01-20",
      "Geburtsdatum": "2000-05-15",
      "datumDesAuftrags": "2025-01-15",
      "Wohnort": "Bremen",
      "Telefon": "01517777777",
      "EMail": "nina.neu@example.de",
      "Geschäftstandort": "Hannover",
      "Mitarbeiter": "Nina Neu",
      "FertigstellungBis": "2025-01-25",
      "Versorgung": "In Planung",
      "Bezahlt": "Nein",
      "PreisZubezahlen": "1150",
      "scanTime": "2025-01-15 12:30:00",
      "Fusslänge": "278.0",
      "Fusslänge2": "280.1",
      "Fussbreite": "104.3",
      "Fussbreite2": "105.0",
      "Kugelumfang": "251.7",
      "Kugelumfang2": "253.1",
      "Rist": "136.5",
      "Rist2": "138.0",
      "Zehentyp": "Römisch",
      "Zehentyp2": "Römisch"
    },
    {
      "id": 7,
      "Geschlecht": "Mann",
      "nameKunde": "Wiederholungskunde",
      "createdAt": "2025-01-20",
      "Geburtsdatum": "2005-05-15",
      "datumDesAuftrags": "2025-01-18",
      "Wohnort": "Frankfurt",
      "Telefon": "01638888888",
      "EMail": "tim@kunden.de",
      "Geschäftstandort": "Frankfurt",
      "Mitarbeiter": "Tim Urban",
      "FertigstellungBis": "2025-01-28",
      "Versorgung": "Lieferung geplant",
      "Bezahlt": "Ja",
      "PreisZubezahlen": "980",
      "scanTime": "2025-01-18 09:00:00",
      "Fusslänge": "276.8",
      "Fusslänge2": "278.6",
      "Fussbreite": "109.3",
      "Fussbreite2": "109.0",
      "Kugelumfang": "255.6",
      "Kugelumfang2": "256.4",
      "Rist": "138.2",
      "Rist2": "139.1",
      "Zehentyp": "Griechisch",
      "Zehentyp2": "Ägyptisch"
    },
    {
      "id": 8,
      "Geschlecht": "Mann",
      "nameKunde": "Großauftrag",
      "createdAt": "2023-01-20",
      "Geburtsdatum": "2006-05-15",
      "datumDesAuftrags": "2025-01-20",
      "Wohnort": "Nürnberg",
      "Telefon": "01709999999",
      "EMail": "großkunde@example.de",
      "Geschäftstandort": "München",
      "Mitarbeiter": "Karl Groß",
      "FertigstellungBis": "2025-02-01",
      "Versorgung": "Produktion",
      "Bezahlt": "Nein",
      "PreisZubezahlen": "1500",
      "scanTime": "2025-01-20 15:15:00",
      "Fusslänge": "290.0",
      "Fusslänge2": "292.1",
      "Fussbreite": "110.0",
      "Fussbreite2": "110.2",
      "Kugelumfang": "260.0",
      "Kugelumfang2": "261.5",
      "Rist": "142.0",
      "Rist2": "144.0",
      "Zehentyp": "Ägyptisch",
      "Zehentyp2": "Griechisch"
    },
    {
      "id": 9,
      "Geschlecht": "Mann",
      "nameKunde": "Expresskunde",
      "createdAt": "2023-01-20",
      "Geburtsdatum": "2007-05-15",
      "datumDesAuftrags": "2025-01-22",
      "Wohnort": "Hannover",
      "Telefon": "01753333333",
      "EMail": "express@kunden.de",
      "Geschäftstandort": "Hamburg",
      "Mitarbeiter": "Erika Schnell",
      "FertigstellungBis": "2025-01-29",
      "Versorgung": "Express",
      "Bezahlt": "Ja",
      "PreisZubezahlen": "1250",
      "scanTime": "2025-01-22 08:45:00",
      "Fusslänge": "285.4",
      "Fusslänge2": "287.0",
      "Fussbreite": "108.0",
      "Fussbreite2": "108.5",
      "Kugelumfang": "253.4",
      "Kugelumfang2": "254.9",
      "Rist": "141.5",
      "Rist2": "143.0",
      "Zehentyp": "Römisch",
      "Zehentyp2": "Ägyptisch"
    },
    {
      "id": 10,
      "Geschlecht": "Mann",
      "nameKunde": "Standardkunde",
      "createdAt": "2023-01-20",
      "Geburtsdatum": "2008-05-15",
      "datumDesAuftrags": "2025-01-25",
      "Wohnort": "Leipzig",
      "Telefon": "01522222222",
      "EMail": "standard@kunde.de",
      "Geschäftstandort": "Dresden",
      "Mitarbeiter": "Robert Lang",
      "FertigstellungBis": "2025-02-05",
      "Versorgung": "Archiviert",
      "Bezahlt": "Nein",
      "PreisZubezahlen": "1050",
      "scanTime": "2025-01-25 14:20:00",
      "Fusslänge": "268.5",
      "Fusslänge2": "270.3",
      "Fussbreite": "103.5",
      "Fussbreite2": "104.0",
      "Kugelumfang": "248.0",
      "Kugelumfang2": "249.1",
      "Rist": "134.0",
      "Rist2": "135.6",
      "Zehentyp": "Griechisch",
      "Zehentyp2": "Griechisch"
    }
  ]
  